Image Type,RMSE,PSNR,SSIM,MS-SSIM
Captured,0.298689,10.817019,0.437095,0.197514
Enhanced,0.090462,21.529060,0.746750,0.762245
